image_filename,agents::agent_name,agents 2::agent_name,works::work_display_attribution,works::work_title,works::work_style,works::work_culture,works::work_date,image_description
A08-077-0001.jpg,,,,Chauvet Cave,Aurignacian,Paleolithic,"c. 30,000-28,000 BCE","Horses, Rhinoceroses and Aurochs"
A08-077-0003.jpg,,,,Lion-Human,Aurignacian,Paleolithic,"c. 40,000 BCE",
A08-077-0005.jpg,,,,Torso of a Woman,Gravettian,Paleolithic,"c. 23,000 BCE",
A08-077-0007.jpg,,,,Peche-Merle Cave,Gravettian,Paleolithic,"25,000-15,000 BCE",Spotted Horses and Human Hands
A08-077-0011.jpg,,,,Le Tuc d’Audoubert Cave,Magdalenian,Paleolithic,"c. 13,000 BCE",Bison
A08-077-0012.jpg,,,,Lamp with Ibex Design,Magdalenian,Paleolithic,"c. 15,000-13,000 BCE",
A08-077-0013.jpg,,,,People and Animals,,Neolithic European,c. 4000-2000 BCE,
A08-077-0014.jpg,,,,Skara Brae,Megalithic,Neolithic European,"c. 3,100-2,600 BCE",
A08-077-0015.jpg,,,,Skara Brae,Megalithic,Neolithic European,"c. 3,100-2,600 BCE",House interior
A08-077-0016.jpg,,,,Newgrange,Megalithic,Neolithic European,c. 3000-2500 BCE,Passage
A08-077-0017.jpg,,,,Stonehenge,Megalithic,Neolithic European,"c. 2,750-1,500 BCE",
A08-077-0018.jpg,,,,Stonehenge,Megalithic,Neolithic European,"c. 2,750-1,500 BCE",Diagram
A08-077-0019.jpg,,,,Vessels,,Neolithic European,c. 3000-2000 BCE,
A08-077-0020.jpg,,,,Trundholm Sun Chariot ,Late Bronze Age,Nordic Bronze Age,"c. 1,800-1,600 BCE",
A08-077-0021.jpg,,,,Trundholm Sun Chariot ,Late Bronze Age,Nordic Bronze Age,"c. 1,800-1,600 BCE",Diagram of decoration
A08-077-0022.jpg,,,,Openwork Box Lid,La Tène,Celtic,1st c BCE,
A08-077-0023.jpg,,,,Post-and-Lintel and Corbel Construction,,,,
A08-077-0024.jpg,,,,Figure of a Man,,Neolithic European,c. 3500 BCE,
A08-077-0025.jpg,,,,Prehistoric Wall Painting Technique,,Paleolithic,,
A08-077-0026.jpg,,,,Figure of a Woman ,,Neolithic European,c. 3500 BCE,
A08-077-0027.jpg,,,,Prehistoric Europe,,,,
A08-077-0028.jpg,,,,Lamassu (Human-headed winged lion),Assyrian,Mesopotamian,883-859 BCE,
A08-077-0029.jpg,,,,Lamassu (Human-headed winged lion),Assyrian,Mesopotamian,883-859 BCE,
A08-077-0030.jpg,,,,Jericho,,Neolithic Levantine,"c. 8,000-7,000 BCE",Walls and tower
A08-077-0031.jpg,,,,Çatalhöyük (Catal Huyuk),,Neolithic Anatolian,"7,400-6,200 BCE",Reconstruction
A08-077-0032.jpg,,,,Human Figure from Ain Ghazal,,Neolithic Levantine,"c. 7,000-6,000 BCE",
A08-077-0034.jpg,,,,Warka Head,Sumerian,Mesopotamian,"c. 3,300-3,000 BCE",
A08-077-0040.jpg,,,,Cylinder seal: Hero protects flock,Sumerian,Mesopotamian,"c. 2,550-2,400 BCE",
A08-077-0041.jpg,,,,Head of a Man (Akkadian Ruler),Akkadian,Mesopotamian,"c. 2,300-2,200 BCE",
A08-077-0042.jpg,,,,Stele of Naram-Sin,Akkadian,Mesopotamian,c. 2220-2184 BCE,
A08-077-0046.jpg,,,,Citadel and palace complex of Sargon II,Assyrian,Mesopotamian,c. 721-706 BCE,Reconstruction
A08-077-0051.jpg,,,,Persepolis,Achaemenid,Persian,begun c. 515 BCE,Apadana
A08-077-0053.jpg,,,,Daric,Achaemenid,Mesopotamian,4th c BCE,
A08-077-0054.jpg,,,,Lydian Coin,Lydian,Anatolian,560-546 BCE,
A08-077-0055.jpg,,,,Technique: Coining Money,,,,
A08-077-0056.jpg,,,,Lydian Coin,Lydian,Anatolian,560-546 BCE,
A08-077-0057.jpg,,,,Stele of Hammurabi,Babylonian,Mesopotamian,"c. 1,792-1,750 BCE",
A08-077-0058.jpg,,,,Woman Spinning,Babylonian,Mesopotamian,c. 800-600 BCE,
A08-077-0059.jpg,,,,Technique: Cuneiform Writing,,Mesopotamian,,
A08-077-0060.jpg,,,,Ancient Near East,,,,
A08-077-0061.jpg,,,,Funerary Mask of Tutankhamun,New Kingdom (Dynasty XVIII),Egyptian,c. 1327 BCE,
A08-077-0062.jpg,,,,Khafre,Old Kingdom,Egyptian,c. 2520-2494 BCE,
A08-077-0063.jpg,,,,Menkaure and a Queen,Old Kingdom,Egyptian,2490-2472 BCE,
A08-077-0064.jpg,,,,"Pepy II and His Mother, Queen Ankhnes-Meryre",Old Kingdom,Egyptian,c. 2323-2152 BCE,
A08-077-0067.jpg,,,,Head of Senusret III,Middle Kingdom,Egyptian,c. 1938-1755 BCE,
A08-077-0069.jpg,,,,Pectoral of Senusret II,Middle Kingdom,Egyptian,c 1938-1755 BCE,
A08-077-0070.jpg,,,,Hippopotamus,Middle Kingdom,Egyptian,c. 1938-1755 BCE,
A08-077-0071.jpg,,,,Stele of Amenemhat I,Middle Kingdom,Egyptian,c. 1938-1755 BCE,
A08-077-0072.jpg,,,,Model of a house and garden from the tomb of Meketre,Middle Kingdom,Egyptian,c. 2125-2055 BCE,
A08-077-0073.jpg,,,,Town of Kahun ,Middle Kingdom,Egyptian,c. 1880-1874 BCE,Plan of the northern section of Kahun
A08-077-0074.jpg,,,,Temple of Amun at Karnak,New Kingdom ,Egyptian,c. 1500-1280 BCE,
A08-077-0075.jpg,,,,Temple of Amun at Karnak,New Kingdom ,Egyptian,c. 1500-1280 BCE,Reconstruction
A08-077-0076.jpg,,,,Temple of Amun at Karnak,New Kingdom ,Egyptian,c. 1500-1280 BCE,Reconstruction of the Hypostyle Hall
A08-077-0077.jpg,,,,Temple of Amun at Karnak,New Kingdom ,Egyptian,c. 1500-1280 BCE,Hypostyle hall
A08-077-0078.jpg,,,,Hatshepsut Enthroned,New Kingdom,Egyptian,c. 1473-1458 BCE,
A08-077-0080.jpg,,,,Funerary temple of Hatshepsut,New Kingdom,Egyptian,c. 1473-1458 BCE,
A08-077-0081.jpg,,,,Colossal Figure of Akhenaten (Amenhotep IV ),New Kingdom,Egyptian,c. 1353-1336 BCE,
A08-077-0082.jpg,,,,Narmer Palette,Early Dynastic (Dynasty I),Egyptian,c. 2950-2775 BCE,
A08-077-0083.jpg,,,,Narmer Palette,Early Dynastic (Dynasty I),Egyptian,c. 2950-2775 BCE,
A08-077-0084.jpg,,,,Old Kingdom Standard Grid of Proportions,Old Kingdom,Egyptian,,
A08-077-0085.jpg,,,,Akhenaten and His Family,New Kingdom,Egyptian,c. 1353-1336 BCE,
A08-077-0086.jpg,,,,Queen Tiy,New Kingdom,Egyptian,c. 1352 BCE,
A08-077-0087.jpg,,,,Nefertiti,New Kingdom,Egyptian,c. 1353-1336 BCE,
A08-077-0088.jpg,,,,Inner Coffin of Tutankhamun's Sarcophagus,New Kingdom,Egyptian,1332-1322 BCE,
A08-077-0091.jpg,,,,Mummy Wrapping of a Young Boy,Roman Period,Egyptian,c. 100-120,
A08-077-0092.jpg,Imhotep,,(attributed to),Funerary Complex of Djoser,Old Kingdom,Egyptian,c. 2780-2680 BCE,
A08-077-0093.jpg,Imhotep,,(attributed to),Funerary Complex of Djoser,Old Kingdom,Egyptian,c. 2780-2680 BCE,Step Pyramid and sham buildings
A08-077-0094.jpg,,,,Great Pyramids at Giza,Old Kingdom,Egyptian,c. 2575-2450 BCE,
A08-077-0095.jpg,,,,Great Pyramids at Giza,Old Kingdom,Egyptian,c. 2575-2450 BCE,Model of the Giza plateau
A08-077-0098.jpg,,,,Temple of Rameses II at Abu Simbel ,New Kingdom,Egyptian,c. 1279-1213 BCE,Nefertari
A08-077-0099.jpg,,,,Egyptian Symbols,,Egyptian,,
A08-077-0101.jpg,,,,Hieroglyphic and Alphabetic Characters,,Egyptian,,
A08-077-0102.jpg,,,,Development of the Egyptian Pyramid,,Egyptian,,1 - Mastaba
A08-077-0103.jpg,,,,Development of the Egyptian Pyramid,,Egyptian,,3 - Pyramid
A08-077-0105.jpg,,,,Development of the Egyptian Pyramid,,Egyptian,,2 - Stepped Pyramid
A08-077-0107.jpg,,,,Temple of Rameses II at Abu Simbel ,New Kingdom,Egyptian,c. 1279-1213 BCE,Interior
A08-077-0108.jpg,,,,Temple of Rameses II at Abu Simbel ,New Kingdom,Egyptian,c. 1279-1213 BCE,
A08-077-0109.jpg,,,,Unfinished Relief,New Kingdom,Egyptian,c.1550-1292 BCE,
A08-077-0110.jpg,,,,Ancient Egypt,,Egyptian,,
A08-077-0111.jpg,,,,Flotilla Fresco,Minoan (MMIIIA),Aegean,c. 1650 BCE,
A08-077-0112.jpg,,,,Spedos Type Figures,Cycladic (EC II),Aegean,c. 2500-2200 BCE,
A08-077-0113.jpg,,,,Harpist,Cycladic,Aegean,c. 2700-2500 BCE,
A08-077-0115.jpg,,,,Palace of Knossos (Palace of Minos),Minoan (LM I),Aegean,c. 2150-1375 BCE,Aerial view
A08-077-0116.jpg,,,,Palace of Knossos (Palace of Minos),Minoan (LM I),Aegean,c. 2150-1375 BCE,Grand Staircase
A08-077-0117.jpg,,,,Kamares Ware Beak-Spouted Jug,Minoan (MM II),Aegean,c. 2000-1550 BCE,
A08-077-0123.jpg,,,,Harvester Vase,Minoan (LM I),Aegean,c. 1650-1450 BCE,
A08-077-0125.jpg,,,,Octopus Flask (Marine Style Pilgrim Flask),Minoan (LM IB),Aegean,c. 1500-1450 BCE,
A08-077-0126.jpg,,,,The Vapheio Cup,Minoan (LM I),Aegean,c. 1500-1450 BCE,
A08-077-0128.jpg,,,,Citadel of Mycenae,Helladic (LH IIIB),Aegean,c. 1300-1201 BCE,Reconstruction
A08-077-0130.jpg,,,,Palace at Pylos ,Helladic (LH IIIB),Aegean,c. 1300-1201 BCE,Reconstruction of The Megaron
A08-077-0136.jpg,,,,Two Women with A Child,Helladic,Aegean,c. 1400-1200 BCE,
A08-077-0137.jpg,,,,Warrior Vase,Helladic (LH IIIB-C),Aegean,c. 1300-1100 BCE,
A08-077-0139.jpg,,,,Lion Gate at Mycenae,Helladic (LH IIIC),Aegean,c. 1250 BCE,
A08-077-0141.jpg,,,,The Aegean World,,Aegean,,
A08-077-0142.jpg,Myron,,,Diskobolos,Classical,Greek,c. 450 BCE,
A08-077-0144.jpg,,,,Centaur from Lefkandi,Geometric,Greek,c. 1000-900 BCE,
A08-077-0145.jpg,Hirschfeld Painter,,(attributed to),Dipylon Krater,Geometric,Greek,c. 750 BCE,
A08-077-0147.jpg,,,,Protocorinthian Olpe with Snake Between Lions and Fantastic Panther Birds,Orientalizing,Greek,c. 600 BCE,
A08-077-0148.jpg,,,,Temple of Hera II at Poseidonia,Classical,Greek,c. 470-460 BCE,
A08-077-0149.jpg,,,,"Temple of Artemis, Corcyra",Archaic,Greek,580 BCE,Reconstruction of the West Facade
A08-077-0150.jpg,,,,"West Pediment from the Temple of Artemis, Corcyra",Archaic,Greek,c. 580 BCE,Medusa
A08-077-0151.jpg,,,,Treasury of the Siphnians at Delphi,Archaic,Greek,c. 530-525 BCE,Reconstruction
A08-077-0152.jpg,,,,North Frieze from the Treasury of the Siphnians,Archaic,Greek,c. 530 BCE,
A08-077-0153.jpg,,,,Pediment Sculpture from the Temple of Aphaia,Archaic,Greek,c. 500-480 BCE,East pediment
A08-077-0154.jpg,,,,Pediment Sculpture from the Temple of Aphaia,Archaic,Greek,c. 500-480 BCE,Dying Warrior
A08-077-0158.jpg,,,,Peplos Kore,Archaic,Greek,c. 530 BCE,
A08-077-0159.jpg,,,,Kore 675 from Athens,Archaic,Greek,c. 520 BCE,
A08-077-0160.jpg,,,,Standard Shapes of Greek Vessels,,Greek,,
A08-077-0163.jpg,Exekias,,,Amphora with the Suicide of Ajax,"Archaic,  black-figure",Greek,c. 540 BCE,
A08-077-0165.jpg,Polykleitos,,(copy after),Doryphoros (Spear Carrier),Classical,Greek,c. 440 BCE,
A08-077-0166.jpg,,,,West Pediment of the Temple of Zeus at Olympia,Classical,Greek,c. 460 BCE,Reconstruction
A08-077-0167.jpg,,,,West Pediment of the Temple of Zeus at Olympia,Classical,Greek,c. 460 BCE,Apollo with Lapiths and Centaurs
A08-077-0168.jpg,,,,Metopes from the Temple of Zeus at Olympia,Classical,Greek,c. 460 BCE,"Athena, Herakles and Atlas"
A08-077-0169.jpg,Kritios,,(attributed to),Kritios Boy,Classical,Greek,c. 480 BCE,
A08-077-0170.jpg,Kritios,,(attributed to),Kritios Boy,Classical,Greek,c. 480 BCE,
A08-077-0172.jpg,,,,Charioteer from Delphi,Classical,Greek,c. 474 BCE,
A08-077-0173.jpg,,,,Riace Warrior A,Classical,Greek,c. 460 - 450 BCE,
A08-077-0174.jpg,,,,Riace Warrior A,Classical,Greek,c. 460 - 450 BCE,
A08-077-0175.jpg,Pan Painter,,,Krater with the Death of Aktaion,"Classical, red-figure",Greek,c. 470-460 BCE,
A08-077-0176.jpg,,,,Acropolis,Classical,Greek,c. 447-406 BCE,Aerial view
A08-077-0177.jpg,,,,Acropolis,Classical,Greek,c. 447-406 BCE,Model
A08-077-0178.jpg,Phidias,,(attributed to),East Pediment of the Parthenon,Classical,Greek,437-432 BCE,
A08-077-0179.jpg,Phidias,,(attributed to),East Pediment of the Parthenon,Classical,Greek,437-432 BCE,
A08-077-0180.jpg,Phidias,,(attributed to),East Pediment of the Parthenon,Classical,Greek,437-432 BCE,Head of a horse
A08-077-0182.jpg,Phidias,,(attributed to),Parthenon Frieze,Classical,Greek,447-438 BCE,Horsemen
A08-077-0183.jpg,Phidias,,(attributed to),"Marshals and Young Women, from the Parthenon Frieze",Classical,Greek,447-438 BCE,
A08-077-0186.jpg,Kallikrates,,(attributed to),Temple of Athena Nike,Classical,Greek,c. 420-430 BCE,
A08-077-0188.jpg,,,,Athenian Agora,,Greek,c. 500-150 BCE,
A08-077-0189.jpg,Priam Painter,,(attributed to),Hydria with Fountain House Scene,"Archaic,  black-figure",Greek,c. 510 BCE,
A08-077-0190.jpg,,,,Grave Stele of Hegeso,Classical,Greek,c. 400 BCE,
A08-077-0192.jpg,,,,Miletos,,Greek,,Plan with Original Coastline
A08-077-0193.jpg,,,,Tholos at Delphi,Classical,Greek,c. 380-370 BCE,
A08-077-0194.jpg,,,,Tholos at Delphi,Classical,Greek,c. 380-370 BCE,Plan and section
A08-077-0197.jpg,Skopas,,(attributed to),"Frieze from the Mausoleum, Halikarnassos",Classical,Greek,c. 350 BCE,
A08-077-0198.jpg,Lysippos,,(copy after),Apoxyomenos (Man Scraping Himself),Classical,Greek,c. 350-325 BCE,
A08-077-0199.jpg,Lysippos,,(attributed to),Head of Alexander The Great,Hellenistic,Greek,c. 200 BCE,
A08-077-0200.jpg,,,,Coin with Alexander the Great,Hellenistic,Greek,306-281 BCE,
A08-077-0205.jpg,,,,Theater at Epidauros,Hellenistic,Greek,300-250 BCE,
A08-077-0206.jpg,,,,Theater at Epidauros,Hellenistic,Greek,300-250 BCE,Reconstruction
A08-077-0207.jpg,,,,Gallic Chieftain Killing His Wife and Himself,Hellenistic,Greek,c. 220 BCE,
A08-077-0209.jpg,,,,Dying Gaul,Hellenistic,Greek,c. 220 BCE,Roman copy
A08-077-0212.jpg,,,,Nike of Samothrace,Hellenistic,Greek,c. 180 BCE,
A08-077-0213.jpg,,,,Veiled and Masked Dancer,Hellenistic,Greek,c. 300-100 BCE,
A08-077-0217.jpg,Iktinos,Kallikrates,,Parthenon,Classical,Greek,447-438 BCE,View from the northwest
A08-077-0218.jpg,"Revett, Nicholas",,,The Parthenon when it Contained a Mosque,Neoclassical,English,1765,
A08-077-0219.jpg,,,,Vase Painter and Assistants Crowned By Athena and Victories,"Classical, red-figure",Greek,c. 450 BCE,
A08-077-0220.jpg,,,,Ancient Greece,,Greek,,
A08-077-0221.jpg,,,,Capitoline Wolf,Etruscan,Etruscan,c. 500-400 BCE,
A08-077-0223.jpg,,,,Typical Etruscan temple,,Etruscan,c. 600-500 BCE,
A08-077-0225.jpg,,,,Apollo from Veii,,Etruscan,c. 510-500 BCE,
A08-077-0228.jpg,,,,Sarcophagus from Cerveteri,,Etruscan,c. 520 BCE,
A08-077-0229.jpg,,,,Mirror with Calchas,,Etruscan,c. 400-350 BCE,
A08-077-0230.jpg,,,,Capitoline Brutus (Head of a Man),,Etruscan,c. 250 c BCE,
A08-077-0231.jpg,,,,Aulus Metellus (Orator),Republican,Roman,c. 80 BCE,
A08-077-0232.jpg,,,,Pompey the Great,Republican,Roman,c. 50 BCE,
A08-077-0233.jpg,,,,Denarius with Portrait of Julius Caesar,Republican,Roman,44 BCE,
A08-077-0235.jpg,,,,Sanctuary of Fortuna ,Republican,Roman,c. 120 BCE and later,Model
A08-077-0237.jpg,,,,Temple of Portunus (Temple of Fortuna Virilis),Republican,Roman,c. 75 BCE,
A08-077-0238.jpg,,,,Maison Carrée,Republican,Roman,c. 20 BCE,
A08-077-0239.jpg,,,,Forum Romanum,Imperial,Roman,c. 100-1 BCE,
A08-077-0240.jpg,,,,Augustus of Primaporta,Imperial,Roman,c. 14-37,
A08-077-0241.jpg,,,,Augustus of Primaporta,Imperial,Roman,c. 14-37,
A08-077-0243.jpg,,,,Ara Pacis Augustae,Imperial,Roman,13-9 BCE,Imperial Procession
A08-077-0244.jpg,,,,Ara Pacis Augustae,Imperial,Roman,13-9 BCE,Allegory of Peace
A08-077-0245.jpg,,,,Gemma Augustea,Imperial,Roman,c. 15,
A08-077-0247.jpg,,,,Pompeii,Imperial,Roman,79 ,Street
A08-077-0250.jpg,,,,Fountain Mosaic from Pompeii,Imperial,Roman,Mid 1st c,
A08-077-0251.jpg,,,,"Initiation Rites of the Cult of Bacchus, Villa of the Mysteries",Republican,Roman,c. 60-50 BCE,
A08-077-0252.jpg,,,,Garden Landscape from the Villa of Livia,Imperial,Roman,c. 30-20 BCE,
A08-077-0253.jpg,,,,Seascape and Coastal Towns,Imperial,Roman,c. 1-100,
A08-077-0254.jpg,,,,Cubiculum M from the Villa of Publius Fannius Synistor,Imperial,Roman,c. 50 - 40 BCE,
A08-077-0256.jpg,,,,"Fourth Style Wall Painting, House of M. Lucretius Fronto",Imperial,Roman,Mid 1st c,
A08-077-0258.jpg,,,,Young Woman Writing,Imperial,Roman,Before 79,
A08-077-0260.jpg,,,,Arch of Titus,Imperial,Roman,c. 81,Spoils from the Temple of Solomon
A08-077-0261.jpg,,,,Arch of Titus,Imperial,Roman,c. 81,Triumphal Procession with Titus In Chariot
A08-077-0262.jpg,,,,Flavian Amphitheater (Colosseum),Imperial,Roman,70-80,Aerial view
A08-077-0263.jpg,,,,Flavian Amphitheater (Colosseum),Imperial,Roman,70-80,Vaulted construction
A08-077-0269.jpg,,,,4th Century Rome (Model),Imperial,Roman,c. 300-350,
A08-077-0274.jpg,,,,Column of Trajan,Imperial,Roman,c. 113-116 or after 117,Romans crossing the Danube and building a fort
A08-077-0277.jpg,,,,Pantheon,Imperial,Roman,c. 118-125,Dome with light from the oculus
A08-077-0278.jpg,,,,Pantheon,Imperial,Roman,c. 118-125,Circle section
A08-077-0280.jpg,,,,Hadrian’s Wall,Imperial,Roman,122-128,
A08-077-0285.jpg,,,,"Septimius Severus, Julia Domna, and Their Children Geta and Caracalla",Imperial,Roman,c. 200,
A08-077-0289.jpg,,,,Church of Santa Maria degli Angeli (Baths of Diocletian),Imperial,Roman,c. 298-306,
A08-077-0290.jpg,,,,"Togate Bust of Philip the Arab, from Porcigliano",Imperial,Roman,244-249,
A08-077-0291.jpg,,,,Family of Vunnerius Keramus (Family Group),Imperial,Roman,c. 250,
A08-077-0292.jpg,,,,Ludovisi Battle Sarcophagus,Imperial,Roman,c. 250 BCE,
A08-077-0293.jpg,,,,Tetrarchs,Imperial,Roman,c. 300,
A08-077-0296.jpg,,,,Fragments of a Colossal Statue of Constantine ,Late Antique ,Roman,c. 315-330,Head
A08-077-0302.jpg,,,,Symmachi Diptych Leaf,Late Antique,Roman,c. 390-401,
A08-077-0303.jpg,,,,"Elements of Architecture: Arch, Vault, and Dome",,,,
A08-077-0304.jpg,,,,Augustus of Primaporta,Imperial,Roman,c. 14-37,Copy with color restored
A08-077-0305.jpg,,,,Elements of Architecture: Roman Architectural Orders,,Roman,,Composite order and Tuscan order
A08-077-0307.jpg,,,,The Roman Republic and Roman Empire,,Roman,,
A08-077-0311.jpg,,,,House Synagogue at Dura-Europus,Late Antique,Syrian,244-45,Finding of Moses
A08-077-0312.jpg,,,,Synagogue Floor,,Jewish,c. 530,
A08-077-0315.jpg,,,,Sarcophagus from Santa Maria Antiqua,Early Christian,Roman,c. 270,
A08-077-0318.jpg,,,,Old Saint Peter's Basilica,Early Christian,Roman,c. 320-27,Painting of the interior from Santa Maria ai Monte
A08-077-0321.jpg,,,,Carved Doors of Santa Sabina,Early Christian ,Roman ,c. 432,Ascension of Elijah
A08-077-0322.jpg,,,,Mosaics from Santa Maria Maggiore,Early Christian ,Roman,c. 432-440 ,Parting of Lot and Abraham
A08-077-0324.jpg,,,,Santa Costanza,Early Christian,Roman,c. 350,Ambulatory with harvest mosaic
A08-077-0329.jpg,,,,Orthodox Baptistery,Early Christian,Roman,c. 450,Clerestory and dome
A08-077-0331.jpg,,,,Sarcophagus of Junius Bassus,Early Christian,Roman,c. 359,
A08-077-0332.jpg,,,,City Walls of Constantinople,Early Byzantine,Byzantine,Begun 412-13,
A08-077-0334.jpg,Anthemius of Tralles,Isidore of Miletus (Isidorus of Miletus),,Hagia Sophia,Early Byzantine,Byzantine,532-537,Plan and section
A08-077-0335.jpg,Anthemius of Tralles,Isidore of Miletus (Isidorus of Miletus),,Hagia Sophia,Early Byzantine,Byzantine,532-537,
A08-077-0337.jpg,,,,San Vitale,Early Byzantine,Byzantine,c. 520-548,
A08-077-0338.jpg,,,,San Vitale,Early Byzantine,Byzantine,c. 520-548,
A08-077-0342.jpg,,,,Archangel Michael,Early Byzantine,Byzantine,c. 525-550,
A08-077-0344.jpg,Rabbula,,(attributed to),Rabbula Gospels,Early Byzantine,Byzantine,c. 586,Crucifixion and Resurrection
A08-077-0345.jpg,Rabbula,,(attributed to),Rabbula Gospels,Early Byzantine,Byzantine,c. 586,Ascension
A08-077-0346.jpg,,,,Virgin and Child with Saints and Angels,Early Byzantine,Byzantine,c. 550-600,
A08-077-0351.jpg,,,,Panel with the Archangel Michael,Middle Byzantine,Byzantine,c. 950-1050,
A08-077-0352.jpg,,,,Basilica of San Marco,Romanesque,Italian,c. 1060,View toward apse
A08-077-0355.jpg,,,,"Cappella Palatina, Palermo (Palatine Chapel)",Late Byzantine,Byzantine,c.1140,
A08-077-0356.jpg,,,,"Chamber of King Roger, Norman Palace",Late Byzantine,Byzantine,Mid 12th century,
A08-077-0357.jpg,,,,Church of the Monastery of Christ in Chora,Late Byzantine,Byzantine,c. 1310-1321,Funerary Chapel
A08-077-0358.jpg,,,,Church of the Monastery of Christ in Chora,Late Byzantine,Byzantine,c. 1310-1321,Anastasis
A08-077-0360.jpg,,,,Elements of Architecture: Basilica-Plan and Central-Plan Churches,,,,
A08-077-0361.jpg,,,,Mausoleum of Galla Placidia,Early Christian,Roman,c. 425-426,Bookcase with gospel codices
A08-077-0362.jpg,,,,Myth and Religion: Christian Symbols,,,,
A08-077-0364.jpg,,,,Multiple-Dome Church Plans,,,,
A08-077-0365.jpg,,,,Elements of Architecture: Pendentives and Squinches,,,,
A08-077-0366.jpg,,,,"Jewish, Early Christian, and Byzantine Worlds",,,,
A08-077-0367.jpg,,,,Ka‘ba in the Masjid al-Haram in Mecca,,Islamic,,
A08-077-0368.jpg,,,,Haram Al-Sharif,Umayyad,Islamic,7th c and later,
A08-077-0369.jpg,,,,Dome of the Rock,Umayyad,Islamic,begun c. 691,Cutaway drawing
A08-077-0370.jpg,,,,Dome of the Rock,Umayyad,Islamic,begun c. 691,
A08-077-0371.jpg,,,,Qasr al-Mushatta,Umayyad,Islamic,c. 744,
A08-077-0372.jpg,,,,Qasr al-Mushatta,Umayyad,Islamic,c. 744,Frieze on the facade
A08-077-0373.jpg,,,,Great Mosque of Kairouan,Abbasid,Islamic,after 862,Aerial view
A08-077-0374.jpg,,,,Great Mosque at Cordoba,Umayyad,Islamic,completed 965,Prayer Hall
A08-077-0375.jpg,,,,Great Mosque at Cordoba,Umayyad,Islamic,completed 965,Dome in front of the Mihrab
A08-077-0376.jpg,,,,Folio from a Qur’an ,Tulunid,Islamic,,
A08-077-0377.jpg,,,,Manuscript Page in Naskhi Script,Seljuk,Islamic,1199,
A08-077-0378.jpg,,,,Bowl with Kufic Script Border,Seljuk,Islamic,,
A08-077-0379.jpg,,,,Textile with Elephants and Camels (Shroud of Saint Josse),Samanid,Islamic,Before 961,
A08-077-0380.jpg,,,,Masjid-I Jam'e (Congregational Mosque),Seljuk,Islamic,c. 1300-1800,Courtyard
A08-077-0381.jpg,,,,"Mihrab, from the Madrasa Imami, Isfahan",Timurid,Islamic,1354 or later,
A08-077-0382.jpg,,,,"Mosque, Madrasa of Sultan Hasan",Mamluk,Islamic,1363,Qibla wall with mihrab and minbar
A08-077-0383.jpg,,,,Alhambra,Moorish,Islamic,,Court of the Lions
A08-077-0384.jpg,,,,Alhambra,Moorish,Islamic,,"Muqarnas Dome, Hall of the Abencerrajes, Palace of the Lions"
A08-077-0385.jpg,,,,Pisa Griffin,Fatimid,Islamic,c. 1000-1100,
A08-077-0386.jpg,Shazi,,,Pen Box,Abbasid,Islamic,1210-1211,
A08-077-0387.jpg,,,,The Macy Jug,Seljuk,Islamic,1215-1216,
A08-077-0388.jpg,,,,Banner of Las Navas de Tolosa,Moorish,Islamic,c. 1212-1250,
A08-077-0389.jpg,,,,"Medallion Carpet, Variant Star Ushak Style",Ushak,Islamic,c. 1500-1600,
A08-077-0390.jpg,,,,Qur’an of Sha’ban,Mamluk,Islamic,c. 1368,Frontispiece
A08-077-0391.jpg,Bihzad (Kamal al-Din Bihzad),,,Harun Al-Rashid Visits the Turkish Bath,Timurid,Islamic,c. 1494,
A08-077-0392.jpg,,,,The Portrait of Khusrau Shown to Shirin,Ottoman,Islamic,c. 1494,
A08-077-0393.jpg,Sinan,,,Selimiye Mosque in Edirne,Ottoman,Islamic,1574,
A08-077-0394.jpg,Sinan,,,Selimiye Mosque in Edirne,Ottoman,Islamic,1574,
A08-077-0395.jpg,,,,Tugra of Selim II,Ottoman,Islamic,c. 1555-1560,
A08-077-0396.jpg,"Fathy, Hassan",,,Design for a Mosque at New Gourna,,Egyptian,1945-1947,
A08-077-0397.jpg,,,,Elements of Architecture: Arches and Muqarnas,,Islamic,,"horseshoe arch, pointed arch, muqarnas"
A08-077-0398.jpg,,,,Carpet Making Technique,,Islamic,,Women weaving
A08-077-0399.jpg,,,,Mosque Plan Types,,Islamic,,"Centrally-planned mosque: Sultan Selim Mosque, Edirne"
A08-077-0400.jpg,,,,Mosque Plan Types,,Islamic,,"Four-iwan mosque: Congregrational Mosque, Isfahan "
A08-077-0401.jpg,,,,Mosque Plan Types,,Islamic,,"Hypostyle mosque: Great Mosque, Cordoba, after extension by al-Hakam II"
A08-077-0402.jpg,,,,Mosque Lamp,Mamluk,Islamic,c. 1355,
A08-077-0403.jpg,,,,Carpet Making Technique,,Islamic,,Weaving patterns
A08-077-0404.jpg,,,,The Islamic World,,Islamic,,
A08-077-0405.jpg,,,,Book of Kells,,Hiberno-Saxon,c. 800,Chi Rho Iota page
A08-077-0406.jpg,,,,Eagle Brooch,,Visigothic,c. 500-600,
A08-077-0407.jpg,,,,Cross,,Lombard,c. 650-850,
A08-077-0409.jpg,,,,Purse Cover from the Sutton Hoo Ship Burial,,Anglo-Saxon,c. 600-650,
A08-077-0410.jpg,,,,Book of Durrow,,Hiberno-Saxon,c. 650-700,"Man, symbol of Saint Matthew"
A08-077-0411.jpg,,,,Book of Kells,,Hiberno-Saxon,c. 800,"Cats and Mice with Host, detail of  Chi Rho Iota page"
A08-077-0413.jpg,Emeterio (Emeterius),Senior,,Beatus of San Salvador,Mozarabic,Spanish,970,Colophon Page
A08-077-0414.jpg,Emeterio (Emeterius),Senior,,Beatus of San Salvador,Mozarabic,Spanish,970,Battle of the bird and the serpent
A08-077-0416.jpg,,,,Palace Chapel of Charlemagne,Carolingian,Frankish,792-805,Reconstruction
A08-077-0417.jpg,,,,"Abbey Church of Saint Riquier, Monastery of Centula",Carolingian,Frankish,dedicated 799,Engraving of 1612 after an 11th century drawing
A08-077-0418.jpg,,,,Plan of the Abbey of Saint Gall,Carolingian,Frankish,c. 815-820,
A08-077-0419.jpg,,,,Godescalc Gospel Lectionary,Carolingian,Frankish,781-83,Mark the Evangelist
A08-077-0424.jpg,,,,Oseberg Ship,,Viking,c. 815-820,
A08-077-0425.jpg,,,,Oseberg Ship,,Viking,c. 815-820,Prow with Gripping Beasts
A08-077-0427.jpg,,,,Portal at Urnes Stave Church,,Viking,11th c,
A08-077-0428.jpg,,,,Wooden Building Types in Northern Europe,,,,
A08-077-0429.jpg,,,,Stave Church at Borgund,,Viking,c. 1125-50,
A08-077-0431.jpg,,,,Church of Saint Cyriakus,Ottonian,German,961-973,
A08-077-0434.jpg,,,,Liuthar Gospels,Ottonian,German,c. 996,Otto III Enthroned
A08-077-0436.jpg,,,,Doors of Bishop Bernward,Ottonian,German,1015,
A08-077-0437.jpg,,,,Doors of Bishop Bernward,Ottonian,German,1015,Schematic Diagram
A08-077-0438.jpg,,,,Europe of the Early Middle Ages,,,,
A08-077-0440.jpg,John of Worchester,,,Worcester Chronicle ,Romanesque,English,c. 1140,Dream of Henry I
A08-077-0442.jpg,,,,Church of Sant Vincenc,Romanesque,Spanish,c. 1020-1040,
A08-077-0445.jpg,,,,"Cathedral of Saint James, Santiago de Compostela",Romanesque,Spanish,1078-1122,
A08-077-0446.jpg,,,,"Cathedral of Saint James, Santiago de Compostela",Romanesque,Spanish,1078-1122,Cross Section
A08-077-0447.jpg,,,,Abbey Church at Cluny,Romanesque,French,1088-1130,Reconstruction
A08-077-0448.jpg,,,,Abbey Church at Cluny,Romanesque,French,1088-1130,Reconstruction
A08-077-0450.jpg,,,,"Abbey Church of Notre-Dame, Fontenay",Romanesque,French,1139-47,Nave
A08-077-0454.jpg,,,,"Church of Sant’Ambrogio, Milan",Romanesque,Italian,Begun 1080,Nave
A08-077-0455.jpg,,,,Speyer Cathedral,Romanesque,German,c. 1080-1106,
A08-077-0457.jpg,,,,Durham Cathedral,Romanesque,English,1087-1133; 1242-c. 1280,Nave
A08-077-0458.jpg,,,,Durham Cathedral,Romanesque,English,1087-1133; 1242-c. 1280,Plan showing original east end
A08-077-0459.jpg,,,,"Church of Saint-Etienne, Abbaye-aux-Dames, Caen",Romanesque,French,c. 1060-1130,Nave
A08-077-0460.jpg,,,,"Church of Saint-Etienne, Abbaye-aux-Dames, Caen",Romanesque,French,c. 1060-1130,Cutaway drawing
A08-077-0461.jpg,,,,"Church of Saint-Etienne, Abbaye-aux-Dames, Caen",Romanesque,French,c. 1060-1130,Facade
A08-077-0462.jpg,,,,Dover Castle,Romanesque,English,c. 1150 and later,
A08-077-0463.jpg,Wiligelmo (Wiligelmus),,,"Creation and Fall, West Facade, Modena Cathedral",Romanesque,Italian,c. 1099-1100,
A08-077-0464.jpg,,,,"South Portal, Priory Church of Saint-Pierre, Moissac",Romanesque,French,c. 1115,
A08-077-0466.jpg,Gislebertus,,,"West Portal, Cathedral of Saint-Lazare, Autun",Romanesque,French,c. 1125 or 1145,Last Judgment Tympanum
A08-077-0467.jpg,Gislebertus,,,"Capital with the Death of Judas, from Saint-Lazare, Autun",Romanesque,French,c. 1125-1145,
A08-077-0470.jpg,,,,Majestat Batllo (Crucifix),Romanesque,Spanish,c. 1150,
A08-077-0472.jpg,,,,Tomb Cover with Effigy of Rudolf of Swabia,Romanesque,German,c. 1080,
A08-077-0474.jpg,,,,Codex Colbertinus,Romanesque,French,c. 1100,Saint Matthew
A08-077-0476.jpg,,,,Winchester Psalter,Romanesque,English,c. 1150,Mouth of Hell
A08-077-0482.jpg,,,,Pilgrimage Routes to Santiago de Compostela,Romanesque,,,
A08-077-0483.jpg,,,,Reliquary Statue of Sainte Foy,Romanesque,French,c. 850-1000,
A08-077-0485.jpg,,,,Europe in the Romanesque Period,,,,
A08-077-0487.jpg,,,,Abbey Church of Saint-Denis,Gothic,French,1135-1144,"Facade, in a 19th century engraving"
A08-077-0488.jpg,,,,Abbey Church of Saint-Denis,Gothic,French,1135-1144,
A08-077-0489.jpg,,,,"Cathedral of Notre-Dame, Paris",Gothic,French,begun 1163,
A08-077-0493.jpg,,,,"Cathedral of Notre-Dame, Chartres",Gothic,French,begun 1134,Aerial view
A08-077-0497.jpg,,,,Comparison of Gothic Cathedral Elevations,,,,
A08-077-0498.jpg,,,,"Tree of Jesse window, Cathedral of Notre-Dame, Chartres",Gothic,French,c. 1150 - 1170,
A08-077-0500.jpg,,,,"Cathedral of Notre-Dame, Amiens",Gothic,French,begun 1220,Nave
A08-077-0501.jpg,,,,"Cathedral of Notre-Dame, Amiens",Gothic,French,begun 1220,
A08-077-0502.jpg,,,,"Cathedral of Notre-Dame, Amiens",Gothic,French,begun 1220,Vaulting in nave
A08-077-0505.jpg,,,,"Cathedral of Notre-Dame, Amiens",Gothic,French,begun 1220,West facade
A08-077-0506.jpg,,,,"West Portal, Cathedral of Notre-Dame, Amiens",Gothic,French,c. 1220-1240,
A08-077-0507.jpg,,,,"West Portal, Cathedral of Notre-Dame, Amiens",Gothic,French,c. 1220-1240,Beau Dieu
A08-077-0508.jpg,,,,"West Portal, Cathedral of Notre-Dame, Reims",Gothic,French,mid 13th c.,Annunciation and Visitation
A08-077-0511.jpg,,,,Psalter of Saint Louis,Gothic,French,1260-1270,"Abraham, Sarah and three Angels"
A08-077-0514.jpg,,,,Salisbury Cathedral,Gothic,English,1220-1330,
A08-077-0521.jpg,,,,Strasbourg Cathedral,Gothic,German,c. 1240-1399,South transept portal: Dormition of the Virgin
A08-077-0524.jpg,"Pisano, Nicola",,,Pisa Baptistery Pulpit,Gothic,Italian,1255-1260,
A08-077-0525.jpg,"Pisano, Nicola",,,Pisa Baptistery Pulpit,Gothic,Italian,1255-1260,Annunciation and Nativity
A08-077-0527.jpg,,,,Siena Cathedral,Gothic,Italian,1215-1263,
A08-077-0528.jpg,"Pisano, Giovanni",,,Crucifix,Gothic,Italian,c. 1250-1270,
A08-077-0531.jpg,,,,Rib Vaulting,,,,
A08-077-0532.jpg,Villard de Honnecourt,,,Sheet of Drawings with Geometric Figures and Ornaments,Gothic,French,1220-1235,
A08-077-0533.jpg,,,,Elements of the Gothic Church,,,,
A08-077-0534.jpg,,,,Europe in the Gothic Era,,,,
A08-077-0535.jpg,Orcagna (Andrea Orcagna),,,"Tabernacle, Orsanmichele",Gothic,Italian,c. 1355-1359,
A08-077-0536.jpg,"Daddi, Bernardo ",,,Madonna and Child,Gothic,Italian,1346-1347,
A08-077-0538.jpg,"Talenti, Simone",,,Loggia dei Lanzi,Gothic,Italian,1376-1382,
A08-077-0539.jpg,Arnolfo di Cambio,,(from a design by),Florence Cathedral (Santa Maria del Fiore),Gothic,Italian,1296 - 1350,
A08-077-0540.jpg,Arnolfo di Cambio,,(from a design by),Florence Cathedral (Santa Maria del Fiore),Gothic,Italian,1296 - 1350,
A08-077-0541.jpg,Andrea Pisano,,,"South Doors, Baptistery of San Giovanni",Gothic,Italian,1330-1336,
A08-077-0542.jpg,Cimabue,,,Santa Trinita Madonna (Madonna of the Holy Trinity),Gothic,Italian,c. 1260-1280,
A08-077-0543.jpg,Giotto (Giotto di Bondone),,,Ognissanti Madonna,Gothic,Italian,1305-1310,
A08-077-0544.jpg,Giotto (Giotto di Bondone),,,Arena Chapel (Scrovegni Chapel),Gothic,Italian,1305-1306,
A08-077-0546.jpg,Giotto (Giotto di Bondone),,,Arena Chapel (Scrovegni Chapel),Gothic,Italian,1305-1306,Lamentation
A08-077-0547.jpg,Duccio Di Buoninsegna,,,"Virgin and Child in Majesty, from the Maestà",Gothic,Italian,1308-1311,
A08-077-0550.jpg,Duccio Di Buoninsegna,,,"Nativity with Prophets Isaiah and Ezekiel, from the Maestà",Gothic,Italian,1308-1311,
A08-077-0551.jpg,Duccio Di Buoninsegna,,,"Nativity with Prophets Isaiah and Ezekiel, from the Maestà",Gothic,Italian,1308-1311,
A08-077-0552.jpg,Duccio Di Buoninsegna,,,"Nativity with Prophets Isaiah and Ezekiel, from the Maestà",Gothic,Italian,1308-1311,
A08-077-0553.jpg,Duccio Di Buoninsegna,,,"Nativity with Prophets Isaiah and Ezekiel, from the Maestà",Gothic,Italian,1308-1311,
A08-077-0554.jpg,"Lorenzetti, Ambrogio",,,Sala della Pace,Gothic,Italian,1338 - 1340,
A08-077-0557.jpg,"Pucelle, Jean",,,Book of Hours of Jeanne d'Evreux,Gothic,French,c. 1325-1328,Betrayal of Christ and the Annunciation
A08-077-0560.jpg,,,,Chichester-Constable Chasuble,Gothic,English,1330-1350,
A08-077-0563.jpg,"Parler, Heinrich","Parler, Peter",,Church of the Holy Cross,Gothic,German,begun 1317,
A08-077-0564.jpg,"Parler, Peter",,,"Saint Wenceslas Chapel, Cathedral of Saint Vitus",Gothic,Bohemian,1356-1375,
A08-077-0566.jpg,,,,Virgin and Child,Gothic,Bohemian,c. 1390,
A08-077-0567.jpg,,,,Vesperbild (Pieta),Gothic,German,c. 1330,
A08-077-0569.jpg,"Traini, Francesco",,,Triumph of Death,Gothic,Italian,c. 1350,
A08-077-0570.jpg,,,,Europe in the Fourteenth Century,,,,
A08-077-0571.jpg,"Eyck, Jan van","Eyck, Hubert van",,Ghent Altarpiece (Adoration of the Mystic Lamb),"Late Gothic, Renaissance",Flemish,completed 1432,Closed wings
A08-077-0572.jpg,"Eyck, Jan van","Eyck, Hubert van",,Ghent Altarpiece (Adoration of the Mystic Lamb),"Late Gothic, Renaissance",Flemish,completed 1432,Left exterior panel
A08-077-0573.jpg,"Eyck, Jan van","Eyck, Hubert van",,Ghent Altarpiece (Adoration of the Mystic Lamb),"Late Gothic, Renaissance",Flemish,completed 1432,Annunciation on exterior
A08-077-0574.jpg,"Eyck, Jan van","Eyck, Hubert van",,Ghent Altarpiece (Adoration of the Mystic Lamb),"Late Gothic, Renaissance",Flemish,completed 1432,Right exterior panel
A08-077-0577.jpg,Limbourg Brothers,,,Très Riches Heures du Duc de Berry,"Late Gothic, Renaissance",Flemish,1411-1416,"January, the Duke at table"
A08-077-0578.jpg,Limbourg Brothers,,,Très Riches Heures du Duc de Berry,"Late Gothic, Renaissance",Flemish,1411-1416,January calendar device
A08-077-0579.jpg,Jacques de Baerze,"Broederlam, Melchior",,Champmol Altarpiece (Altarpiece of the Crucifixion),"Late Gothic, Renaissance",Netherlandish,1393-1399,Left wing
A08-077-0580.jpg,Jacques de Baerze,"Broederlam, Melchior",,Champmol Altarpiece (Altarpiece of the Crucifixion),"Late Gothic, Renaissance",Netherlandish,1393-1399,Annunciation and Visitation
A08-077-0581.jpg,Jacques de Baerze,"Broederlam, Melchior",,Champmol Altarpiece (Altarpiece of the Crucifixion),"Late Gothic, Renaissance",Netherlandish,1393-1399,Right wing
A08-077-0582.jpg,Jacques de Baerze,"Broederlam, Melchior",,Champmol Altarpiece (Altarpiece of the Crucifixion),"Late Gothic, Renaissance",Netherlandish,1393-1399,Presentation in the Temple and the Flight into Egypt
A08-077-0584.jpg,"Sluter, Claus",,,Well of Moses,"Late Gothic, Renaissance",Netherlandish,1395-1406,Moses
A08-077-0585.jpg,"Sluter, Claus",,,Well of Moses,"Late Gothic, Renaissance",Netherlandish,1395-1406,David
A08-077-0587.jpg,Limbourg Brothers,,,Très Riches Heures du Duc de Berry,"Late Gothic, Renaissance",Flemish,1411-1416,"February, life in the country"
A08-077-0588.jpg,Limbourg Brothers,,,Très Riches Heures du Duc de Berry,"Late Gothic, Renaissance",Flemish,1411-1416,February calendar device
A08-077-0589.jpg,Master of Mary of Burgundy,,,Hours of Mary of Burgundy,"Late Gothic, Renaissance",Flemish,before 1482,Mary at her devotions
A08-077-0591.jpg,,,,Vestments of the Order of the Golden Fleece (Vienna Vestments),"Late Gothic, Renaissance",Netherlandish,c. 1425-1440,Cope of Christ
A08-077-0593.jpg,"Campin, Robert (Master of Flémalle)",,,Mérode Altarpiece,"Late Gothic, Renaissance",Flemish,c.1425-1428,Annunciation
A08-077-0595.jpg,"Campin, Robert (Master of Flémalle)",,,Mérode Altarpiece,"Late Gothic, Renaissance",Flemish,c.1425-1428,Joseph in his shop
A08-077-0597.jpg,"Eyck, Jan van","Eyck, Hubert van",,Ghent Altarpiece (Adoration of the Mystic Lamb),"Late Gothic, Renaissance",Flemish,completed 1432,Center interior panel
A08-077-0598.jpg,"Eyck, Jan van","Eyck, Hubert van",,Ghent Altarpiece (Adoration of the Mystic Lamb),"Late Gothic, Renaissance",Flemish,completed 1432,Left interior panel
A08-077-0599.jpg,"Eyck, Jan van","Eyck, Hubert van",,Ghent Altarpiece (Adoration of the Mystic Lamb),"Late Gothic, Renaissance",Flemish,completed 1432,Right interior panel
A08-077-0603.jpg,"Weyden, Rogier van der",,,Escorial Deposition,"Late Gothic, Renaissance",Flemish,c. 1435-1438,
A08-077-0604.jpg,"Weyden, Rogier van der",,,Beaune (Last Judgment) Altarpiece,"Late Gothic, Renaissance",Flemish,c. 1450,Interior
A08-077-0605.jpg,"Weyden, Rogier van der",,,Beaune (Last Judgment) Altarpiece,"Late Gothic, Renaissance",Flemish,c. 1450,Center interior panel
A08-077-0606.jpg,"Weyden, Rogier van der",,,Beaune (Last Judgment) Altarpiece,"Late Gothic, Renaissance",Flemish,c. 1450,Exterior
A08-077-0607.jpg,"Weyden, Rogier van der",,,Beaune (Last Judgment) Altarpiece,"Late Gothic, Renaissance",Flemish,c. 1450,Left exterior panel
A08-077-0608.jpg,"Weyden, Rogier van der",,,Beaune (Last Judgment) Altarpiece,"Late Gothic, Renaissance",Flemish,c. 1450,Right exterior panel
A08-077-0609.jpg,"Weyden, Rogier van der",,,Beaune (Last Judgment) Altarpiece,"Late Gothic, Renaissance",Flemish,c. 1450,Nicolas Rolin
A08-077-0610.jpg,"Weyden, Rogier van der",,,Beaune (Last Judgment) Altarpiece,"Late Gothic, Renaissance",Flemish,c. 1450,Guigone de Salins
A08-077-0611.jpg,"Weyden, Rogier van der",,,Beaune (Last Judgment) Altarpiece,"Late Gothic, Renaissance",Flemish,c. 1450,Annunciation on exterior
A08-077-0612.jpg,"Weyden, Rogier van der",,,Portrait of a Lady,"Late Gothic, Renaissance",Flemish,c.1455,
A08-077-0613.jpg,"Weyden, Rogier van der",,,Portrait of a Lady,"Late Gothic, Renaissance",Flemish,c.1455,
A08-077-0615.jpg,"Bouts, Dieric, the elder",,,Justice of Emperor Otto III,"Late Gothic, Renaissance",Netherlandish,1470-1475,
A08-077-0616.jpg,"Bouts, Dieric, the elder",,,Justice of Emperor Otto III,"Late Gothic, Renaissance",Netherlandish,1470-1475,Beheading of the Innocent Count
A08-077-0617.jpg,"Bouts, Dieric, the elder",,,Justice of Emperor Otto III,"Late Gothic, Renaissance",Netherlandish,1470-1475,Ordeal by Fire
A08-077-0622.jpg,"Goes, Hugo van der",,,Portinari Altarpiece,"Late Gothic, Renaissance",Netherlandish,c. 1474-1476,Flowers
A08-077-0623.jpg,"Fouquet, Jean",,,Etienne Chevalier and Saint Stephen,"Late Gothic, Renaissance",French,c. 1450,
A08-077-0624.jpg,"Fouquet, Jean",,,Virgin and Child,"Late Gothic, Renaissance",French,c. 1451,
A08-077-0625.jpg,,,,Church of Saint-Maclou,"Late Gothic, Renaissance",French,1432-1521,
A08-077-0627.jpg,"Guas, Juan",,,San Juan de los Reyes,Gothic,Spanish,begun 1477,
A08-077-0628.jpg,"Guas, Juan",,,San Juan de los Reyes,Gothic,Spanish,begun 1477,
A08-077-0629.jpg,"Gonçalves, Nuno",,,Saint Vincent with the Portuguese Royal Family,Renaissance,Portuguese,c. 1465-1467,
A08-077-0631.jpg,,,,Buxheim Saint Christopher,"Late Gothic, Renaissance",German,1423,Hand colored print
A08-077-0633.jpg,,,,Caxton’s Canterbury Tales,Gothic,English,1484,Page with pilgrims at table
A08-077-0634.jpg,,,,Altars and Altarpieces,,,,
A08-077-0635.jpg,"Memling, Hans",,,Saint Ursula Reliquary,Renaissance,Flemish,1489,Martyrdom of Saint Ursula
A08-077-0637.jpg,,,,De Claris Mulieribus (Concerning Famous Women),"Late Gothic, Renaissance",French,1402,Thamyris in her studio
A08-077-0638.jpg,"Memling, Hans",,,Saint Ursula Reliquary,Renaissance,Flemish,1489,
A08-077-0639.jpg,,,,Northern Europe and the Iberian Peninsula in the Fifteenth Century,,,,
A08-077-0641.jpg,"Brunelleschi, Filippo",,,Florence Cathedral Dome,Renaissance,Italian,1417-1436,
A08-077-0642.jpg,"Brunelleschi, Filippo",,,Basilica of San Lorenzo,Renaissance,Italian,1421-1428 and later,Old Sacristy
A08-077-0644.jpg,"Brunelleschi, Filippo",,,Basilica of San Lorenzo,Renaissance,Italian,1421-1428 and later,Nave
A08-077-0647.jpg,"Alberti, Leon Battista",,,Palazzo Rucellai,Renaissance,Italian,1446-1451,Facade
A08-077-0649.jpg,Donatello,,,Saint George from Orsanmichele,Renaissance,Italian,c. 1417,
A08-077-0652.jpg,Donatello,,,David,Renaissance,Italian,c. 1440,
A08-077-0654.jpg,Donatello,,,Mary Magdalene,Renaissance,Italian,1453-1455,
A08-077-0655.jpg,"Verrocchio, Andrea del",,,Equestrian Monument of Bartolommeo Colleoni,Renaissance,Italian,1486 - 1496,
A08-077-0656.jpg,"Pollaiuolo, Antonio del (Pollaiolo, Antonio del)",,,Hercules and Antaeus,Renaissance,Italian,c. 1475,
A08-077-0657.jpg,"Pollaiuolo, Antonio del (Pollaiolo, Antonio del)",,,Battle of Ten Nude Men,Renaissance,Italian,c. 1465-1470,
A08-077-0658.jpg,Masaccio,,,"Trinity with the Virgin, Saint John the Evangelist and Donors",Renaissance,Italian,c. 1425-1428,
A08-077-0659.jpg,Masaccio,Masolino da Panicale,,Brancacci Chapel Frescoes,Renaissance,Italian,c. 1426-1427,
A08-077-0662.jpg,"Angelico, Fra",,,Annunciation,Renaissance,Italian,c. 1438-1445,
A08-077-0665.jpg,Giuliano Da Maiano,,(attributed to),Studiolo of Federico da Montefeltro,Renaissance,Italian,1476,
A08-077-0666.jpg,Piero della Francesca,Bicci di Lorenzo,,Capella Maggiore,Renaissance,Italian,c. 1452-1456,Recognition and Proving of the True Cross
A08-077-0667.jpg,Piero della Francesca,,,Portraits and Triumph of Battista Sforza and Federico da Montefeltro,Renaissance ,Italian,c. 1472-1475,Battista Sforza and Federico da Montefeltro
A08-077-0668.jpg,Piero della Francesca,,,Portraits and Triumph of Battista Sforza and Federico da Montefeltro,Renaissance ,Italian,c. 1472-1475,Triumph of Battista Sforza and Federico da Montefeltro
A08-077-0669.jpg,"Alberti, Leon Battista",,,"Sant'Andrea, Mantua",Renaissance,Italian,begun 1472,
A08-077-0670.jpg,"Alberti, Leon Battista",,,"Sant'Andrea, Mantua",Renaissance,Italian,begun 1472,
A08-077-0671.jpg,"Alberti, Leon Battista",,,"Sant'Andrea, Mantua",Renaissance,Italian,begun 1472,Nave
A08-077-0672.jpg,"Mantegna, Andrea",,,"Camera Picta in the Palazzo Ducale, Mantua (Camera degli Sposi)",Renaissance,Italian,1465-1474,
A08-077-0673.jpg,"Perugino (Vannucci, Pietro di Cristoforo)",,,Delivery of the Keys to Saint Peter,Renaissance,Italian,1481,
A08-077-0674.jpg,"Ghirlandaio, Domenico",,,Sassetti Chapel frescoes,Renaissance,Italian,1483-1486,
A08-077-0676.jpg,"Botticelli, Sandro",,,Primavera,Renaissance,Italian,c. 1482,
A08-077-0677.jpg,"Botticelli, Sandro",,,Birth of Venus,Renaissance,Italian,c. 1484-1486,
A08-077-0678.jpg,"Botticelli, Sandro",,,Mystic Nativity,Renaissance,Italian,1500,
A08-077-0679.jpg,"Raverti, Matteo","Bono, Bartolomeo",,Ca' d'Oro (Palazzo Santa Sofia),Gothic ,Italian,1420-1434,
A08-077-0680.jpg,"Bellini, Gentile",,,The Procession of the Relic of the True Cross before San Marco,Renaissance,Italian,1496,
A08-077-0681.jpg,"Bellini, Giovanni",,,San Giobbe Altarpiece (Virgin and Child with Saints),Renaissance,Italian,c. 1478,Computer reconstruction
A08-077-0683.jpg,,,,Albarello,Renaissance,Italian,c. 1480,
A08-077-0686.jpg,"Manutius, Aldus","Colonna, Fra Francesco",,Hypnerotomachia Poliphili,Renaissance,Italian,1499,Garden of Love
A08-077-0688.jpg,,,,Italy in the Fifteenth Century,,Italian,,
A08-077-0689.jpg,"Raphael (Sanzio, Raphael)",,,Stanza della Segnatura,Renaissance,Italian,1510-1511,
A08-077-0691.jpg,Leonardo da Vinci,,,Virgin and Child with Saint Anne and Young Saint John the Baptist (Burlington House Cartoon),Renaissance,Italian,c. 1500,
A08-077-0692.jpg,Leonardo da Vinci,,,Mona Lisa,Renaissance,Italian,c. 1503,
A08-077-0693.jpg,"Raphael (Sanzio, Raphael)",,,Small Cowper Madonna,Renaissance,Italian,c. 1505,
A08-077-0695.jpg,"Raphael (Sanzio, Raphael)",,,Leo X with Cardinals Giulio de' Medici and Luigi de' Rossi,Renaissance,Italian,c. 1517,
A08-077-0696.jpg,"Aelst, Pieter van, the younger","Raphael (Sanzio, Raphael)",(from a design by),Miraculous Draft of Fishes,Renaissance,Flemish,1515-1516,
A08-077-0698.jpg,"Buonarroti, Michelangelo",,,David,Renaissance,Italian,1501-1504,
A08-077-0699.jpg,"Buonarroti, Michelangelo",,,David,Renaissance,Italian,1501-1504,
A08-077-0704.jpg,"Buonarroti, Michelangelo",,,Moses,Renaissance,Italian,c. 1513-1516,
A08-077-0705.jpg,"Buonarroti, Michelangelo",,,"Medici Chapel, Basilica of San Lorenzo (New Sacristy)",Renaissance ,Italian,1519-1534,
A08-077-0707.jpg,"Sangallo, Antonio da, the younger","Buonarroti, Michelangelo",,Palazzo Farnese,Renaissance,Italian,1517-1560,Facade
A08-077-0710.jpg,"Correggio (Allegri, Antonio)",,,Assumption of the Virgin,Renaissance,Italian,c. 1526 - 1530,
A08-077-0712.jpg,Giorgione (Giorgio da Castelfranco),,,The Tempest,Renaissance,Italian,c. 1506-1508,
A08-077-0716.jpg,Titian (Tiziano Vecellio),"Palma, Jacopo, il Giovane (Palma Giovane)",,Pietà,Renaissance,Italian,c. 1576,
A08-077-0717.jpg,"Buonarroti, Michelangelo",,,Last Judgment,Renaissance ,Italian,1536-1541,
A08-077-0719.jpg,"Buonarroti, Michelangelo",,,Rondanini Pietà,Renaissance ,Italian,1564,
A08-077-0721.jpg,"Vignola, Jacopo da","Porta, Giacomo della",,Il Gesù,Renaissance,Italian,c. 1573-1584,Plan and section
A08-077-0723.jpg,"Pontormo (Carucci, Jacopo)",,,Entombment,Renaissance,Italian,1525-1528,
A08-077-0725.jpg,"Bronzino, Agnolo",,,Portrait of a Young Man,Renaissance,Italian,c. 1540-1545,
A08-077-0727.jpg,"Clovio, Giulio",,,Farnese Hours,Renaissance,Italian,1546,Adoration of the Magi; Meeting of Solomon and Sheba
A08-077-0729.jpg,"Cellini, Benvenuto",,,Saltcellar of King Francis I of France,Renaissance,Italian,1540-1543,
A08-077-0730.jpg,Giambologna (Giovanni da Bologna),,,Astronomy,Renaissance,Flemish,c. 1573,
A08-077-0738.jpg,Titian (Tiziano Vecellio),,,"Portrait of Isabella d’Este, Marchioness of Mantua",Renaissance,Italian,c. 1534-1536,
A08-077-0739.jpg,"Buonarroti, Michelangelo",,(from a design by),Saint Peter's Basilica,Renaissance,Italian,c. 1546-1564,
A08-077-0740.jpg,"Buontalenti, Bernardo",,,Great Grotto in the Boboli Gardens,Renaissance,Italian,1583-1593,
A08-077-0741.jpg,Leonardo da Vinci,,,Vitruvian Man,Renaissance,Italian,c. 1490,
A08-077-0742.jpg,,,,Italy in the Sixteenth Century,,Italian,,
A08-077-0743.jpg,"Dürer, Albrecht",,,Melencolia I,Renaissance,German,1514,
A08-077-0745.jpg,"Stoss, Veit, the elder",,,Annunciation and Virgin of the Rosary,Renaissance,German,1517-1518,
A08-077-0746.jpg,"Grünewald, Matthias (Mathis Gothart Niethart)","Hagenauer, Nikolaus",,Isenheim Alterpiece,Renaissance,German,Completed 1515,
A08-077-0751.jpg,"Dürer, Albrecht",,,The Apocalypse: The Four Horsemen of the Apocalypse,Renaissance,German,1498,
A08-077-0752.jpg,"Dürer, Albrecht",,,The Apocalypse: The Four Horsemen of the Apocalypse,Renaissance,German,1498,
A08-077-0753.jpg,"Dürer, Albrecht",,,The Apocalypse: The Four Horsemen of the Apocalypse,Renaissance,German,1498,
A08-077-0754.jpg,"Dürer, Albrecht",,,The Apocalypse: The Four Horsemen of the Apocalypse,Renaissance,German,1498,
A08-077-0755.jpg,"Dürer, Albrecht",,,The Apocalypse: The Four Horsemen of the Apocalypse,Renaissance,German,1498,
A08-077-0756.jpg,"Dürer, Albrecht",,,The Apocalypse: The Four Horsemen of the Apocalypse,Renaissance,German,1498,
A08-077-0758.jpg,"Dürer, Albrecht",,,Adam and Eve,Renaissance,German,1504,
A08-077-0762.jpg,"Clouet, Jean",,,Francis I,Renaissance,French,1525-1530,
A08-077-0763.jpg,"Clouet, Jean",,,Francis I,Renaissance,French,1525-1530,Hands
A08-077-0765.jpg,"Primaticcio, Francesco",,,"Chamber of the Duchess of Étampes, Château of Fontainebleau",Renaissance,French,c. 1540-1550,
A08-077-0766.jpg,"Primaticcio, Francesco",,,"Chamber of the Duchess of Étampes, Château of Fontainebleau",Renaissance,French,c. 1540-1550,
A08-077-0768.jpg,"Palissy, Bernard",,(attributed to),Oval Plate in the Style Rustique,Renaissance,French,c. 1570-1590,
A08-077-0770.jpg,"Greco, El (Theotokopoulos, Domenikos)",,,Burial of Count Orgaz,"Renaissance, Mannerist",Spanish,1586,
A08-077-0771.jpg,"Greco, El (Theotokopoulos, Domenikos)",,,View of Toledo,"Renaissance, Mannerist",Spanish,c. 1610,
A08-077-0773.jpg,"Bosch, Hieronymus",,,Garden of Earthly Delights,Renaissance,Flemish,c. 1505-1515,Left wing
A08-077-0774.jpg,"Bosch, Hieronymus",,,Garden of Earthly Delights,Renaissance,Flemish,c. 1505-1515,Center panel
A08-077-0775.jpg,"Bosch, Hieronymus",,,Garden of Earthly Delights,Renaissance,Flemish,c. 1505-1515,Right wing
A08-077-0776.jpg,"Gossaert, Jan (Mabuse)",,,Saint Luke Drawing the Virgin,Renaissance,Flemish,c. 1520-1522,
A08-077-0777.jpg,"Reymerswaele, Marinus van",,,Banker and His Wife,Renaissance,Netherlandish,1540,
A08-077-0778.jpg,"Hemessen, Catharina van",,,Self-Portrait,Renaissance,Flemish,1548,
A08-077-0779.jpg,"Bruegel, Pieter, I (Bruegel, Pieter, the elder)",,,Fall of Icarus,Renaissance,Flemish,c. 1555-1556,
A08-077-0781.jpg,"Bruegel, Pieter, I (Bruegel, Pieter, the elder)",,,Hunters in the Snow (The Return of the Hunters),Renaissance,Flemish,1565,
A08-077-0782.jpg,"Holbein, Hans, the younger",,,Portrait of Henry VIII,Renaissance,German,1540,
A08-077-0783.jpg,"Scrots, Guillaume",,(attributed to),Elizabeth I when Princess,Renaissance,Flemish,c. 1546,
A08-077-0784.jpg,"Hilliard, Nicholas",,,"George Clifford, Third Earl of Cumberland",Renaissance,English,c. 1595,
A08-077-0790.jpg,,,,Northern Europe and the Iberian Peninsula in the 16th Century,,,,
A08-077-0795.jpg,"Bernini, Gian Lorenzo",,,Cornaro Chapel,Baroque,Italian,1642-1652,
A08-077-0798.jpg,"Borromini, Francesco",,,San Carlo alle Quattro Fontane ,Baroque,Italian,1665-1667,Nave
A08-077-0801.jpg,"Vasi, Giuseppe",,,Flooding of the Piazza Navona,Rococo,Italian,c. 1740-1750,
A08-077-0802.jpg,"Bernini, Gian Lorenzo",,,Fountain of the Four Rivers,Baroque,Italian,1648-1651,
A08-077-0804.jpg,"Carracci, Annibale",,,Landscape with the Flight into Egypt,Baroque,Italian,1603-1604,
A08-077-0807.jpg,"Caravaggio, Michelangelo Merisi da",,,Entombment,Baroque,Italian,1603-1604,
A08-077-0808.jpg,"Gentileschi, Artemisia",,,Judith and Her Maidservant with Head of Holofernes,Baroque,Italian,1625,
A08-077-0810.jpg,"Reni, Guido",,,Aurora,Baroque,Italian,1613-1614,
A08-077-0811.jpg,"Reni, Guido",,,Aurora,Baroque,Italian,1613-1614,
A08-077-0817.jpg,"Gaulli, Giovanni Battista (Il Baciccio)",,,Triumph of the Name of Jesus and the Fall of the Damned,Baroque,Italian,1672-1685,
A08-077-0818.jpg,"Gaulli, Giovanni Battista (Il Baciccio)",,,Triumph of the Name of Jesus and the Fall of the Damned,Baroque,Italian,1672-1685,
A08-077-0819.jpg,"Gaulli, Giovanni Battista (Il Baciccio)",,,Triumph of the Name of Jesus and the Fall of the Damned,Baroque,Italian,1672-1685,
A08-077-0825.jpg,"Velázquez, Diego",,,Las Meninas,Baroque,Spanish,1656,
A08-077-0826.jpg,"Velázquez, Diego",,,Las Meninas,Baroque,Spanish,1656,
A08-077-0827.jpg,"Murillo, Bartolomé Estebán",,,Immaculate Conception,Baroque,Spanish,c. 1645-1650,
A08-077-0829.jpg,"Prandtauer, Jakob",,,"Benedictine Monastery Church, Melk",Baroque,Austrian,1702-1736,
A08-077-0830.jpg,"Prandtauer, Jakob",,,"Benedictine Monastery Church, Melk",Baroque,Austrian,1702-1736,Nave
A08-077-0832.jpg,"Rubens, Peter Paul",,,Raising of the Cross Tryptych,Baroque,Flemish,1610-1611,
A08-077-0833.jpg,"Rubens, Peter Paul",,,Raising of the Cross Tryptych,Baroque,Flemish,1610-1611,Left wing
A08-077-0834.jpg,"Rubens, Peter Paul",,,Raising of the Cross Tryptych,Baroque,Flemish,1610-1611,Center panel
A08-077-0835.jpg,"Rubens, Peter Paul",,,Raising of the Cross Tryptych,Baroque,Flemish,1610-1611,Right wing
A08-077-0845.jpg,Rembrandt van Rijn,,,Captain Frans Banning Cocq Mustering His Company,Baroque,Dutch,1642,
A08-077-0847.jpg,Rembrandt van Rijn,,,Three Crosses,Baroque,Dutch,1653,Fourth State
A08-077-0848.jpg,Rembrandt van Rijn,,,Self-Portrait ,Baroque ,Dutch,1658,
A08-077-0853.jpg,"Ruisdael, Jacob van",,,Jewish Cemetery,Baroque,Dutch,1655-1660,
A08-077-0854.jpg,"Claesz., Pieter",,,Still Life with a Watch,Baroque,Dutch,1636,
A08-077-0856.jpg,"Le Vau, Louis","Mansart, Jules Hardouin",,Palais de Versailles,Baroque,French,1668-1685,
A08-077-0857.jpg,"Le Vau, Louis","Mansart, Jules Hardouin",,Palais de Versailles,Baroque,French,1668-1685,Central block of the garden facade
A08-077-0859.jpg,"Girardon, François",,,Apollo Attended by the Nymphs of Thetis,Baroque,French,c. 1666-1675,
A08-077-0861.jpg,"Le Nain, Louis",,,Village Piper,Baroque,French,1642,
A08-077-0863.jpg,"Lorrain, Claude (Gellée, Claude)",,,Embarkation of the Queen of Sheba,Baroque,French,1648,
A08-077-0865.jpg,"Wren, Christopher",,,Saint Paul's Cathedral,Baroque,English,1675-1710,
A08-077-0866.jpg,"Vanbrugh, John","Hawksmoor, Nicholas",,Blenheim Palace,Baroque,English,1705-1725,
A08-077-0867.jpg,,,,Parson Capen House,Early Republic,American,1683,
A08-077-0868.jpg,Freake-Gibbs Painter (Freake:Gibbs:Mason Limner),,,Elizabeth Freake and Baby Mary,Colonial,American,c. 1674,
A08-077-0870.jpg,"Le Nôtre, André",,,Gardens of Versailles,Baroque,French,begun 1661,
A08-077-0872.jpg,,,,Europe and North America in the 17th Century,,,,
A08-077-0873.jpg,"Copley, John Singleton",,,Samuel Adams,Early Republic ,American ,c. 1770-1772,
A08-077-0875.jpg,"Neumann, Johann Balthasar","Welsch, Maximilian von",,"Kaisersaal, Residenz",Rococo ,German,1719-1744,
A08-077-0876.jpg,"Tiepolo, Giovanni Battista",,,Marriage of Frederick and Beatrice of Burgundy,Rococo ,Italian ,1751-1752,
A08-077-0877.jpg,"Neumann, Johann Balthasar",,,Church of the Vierzehnheiligen,Rococo ,German ,1743-1772,
A08-077-0878.jpg,"Neumann, Johann Balthasar",,,Church of the Vierzehnheiligen,Rococo ,German ,1743-1772,
A08-077-0880.jpg,"Watteau, Jean-Antoine",,,Pilgrimage to the Island of Cythera,Rococo ,French,1717,
A08-077-0882.jpg,"Boucher, François",,,Triumph of Venus,Rococo,French ,1740,
A08-077-0883.jpg,"Fragonard, Jean-Honoré",,,The Meeting,Rococo ,French,1771-1773,
A08-077-0886.jpg,"Canaletto (Canal, Giovanni Antonio)",,,Santi Giovanni e Paolo and the Monument to Bartolommeo Colleonii ,Baroque,Italian ,c. 1735-1738,
A08-077-0887.jpg,"Piranesi, Giovanni Battista",,,"Lion Bas-Relief, from the series Carceri d’Invenzione",Baroque,Italian,1761,
A08-077-0889.jpg,"Canova, Antonio",,,Cupid and Psyche,Neoclassical ,Italian,1787-1793,
A08-077-0895.jpg,"Adam, Robert",,,Syon House,Neoclassical ,English,1760-1769,Anteroom
A08-077-0897.jpg,"Hackwood, William ",,,Am I Not a Man and a Brother? ,Neoclassical ,English,1787,
A08-077-0898.jpg,"Hogarth, William",,,"Marriage Contract, from Marriage à la Mode ",Rococo ,English ,1743-1745 ,
A08-077-0900.jpg,"Gainsborough, Thomas",,,Portrait of Mrs. Richard Brinsley Sheridan,Romantic,English,1785-1787,
A08-077-0905.jpg,"Blake, William",,,Elohim Creating Adam,Romantic,English,1795 ,
A08-077-0906.jpg,"Soufflot, Jacques Germain",,,Panthéon (Church of Sainte-Geneviève),Neoclassical,French ,1755-1792,
A08-077-0907.jpg,"Soufflot, Jacques Germain",,,Panthéon (Church of Sainte-Geneviève),Neoclassical,French ,1755-1792,Section and Plan
A08-077-0909.jpg,"Greuze, Jean-Baptiste",,,The Drunken Cobbler ,Rococo,French ,1780-1785 ,
A08-077-0911.jpg,"Labille-Guiard, Adélaïde",,,Self-Portrait with Two Pupils ,Rococo ,French ,1785 ,
A08-077-0913.jpg,"David, Jacques-Louis",,,The Death of Marat,Neoclassical ,French,1793,
A08-077-0921.jpg,"Martini, Pietro Antonio",,,The Salon of 1787 ,Rococo,Italian ,1787,
A08-077-0925.jpg,,,,Europe and North America in the 18th Century ,,,,
A08-077-0926.jpg,"Eiffel, Alexandre Gustave",,,Eiffel Tower,Art Nouveau,French,1887-1889 ,
A08-077-0927.jpg,"David, Jacques-Louis",,,Napoleon Crossing the Saint-Bernard,Neoclassical ,French,1800-1801,
A08-077-0931.jpg,"Géricault, Théodore",,,Pity the Sorrows of a Poor Old Man,Romantic ,French,1821,
A08-077-0932.jpg,"Delacroix, Eugène",,,Scenes from the Massacre at Chios,Romantic ,French,1822-1824,
A08-077-0939.jpg,"Friedrich, Caspar David",,,Fog (Nebel),Romantic,German,1807,
A08-077-0940.jpg,"Turner, Joseph Mallord William",,,Hannibal Crossing the Alps,Romantic,English,1812,
A08-077-0942.jpg,"Constable, John",,,The White Horse ,Romantic,English ,1819,
A08-077-0943.jpg,"Daubigny, Charles François",,,Le Péniches (The Barges),Barbizon School,French,1865,
A08-077-0945.jpg,"Roberts, David",,,Gateway to the Great Temple at Baalbek,Romantic,Scottish,1841,
A08-077-0946.jpg,"Gérôme, Jean-Léon",,,"Cafe House, Cairo (Casting Bullets)",Academic,French,c. 1870-1880,
A08-077-0948.jpg,"Franzoni, Giuseppe",,,Corncob Capital from the U.S. Capitol,Neoclassical,American ,1809,
A08-077-0953.jpg,"Rejlander, Oscar Gustav",,,Two Paths of Life,,English,1857,
A08-077-0957.jpg,"Labrouste, Henri",,,Bibliothèque Sainte-Geneviève,Beaux-Arts,French,1843-1850,Reading Room 
A08-077-0966.jpg,"Bonheur, Rosa",,,Ploughing in the Nivernais,Realist,French ,1849,
A08-077-0967.jpg,"Daumier, Honoré",,,Third Class Carriage,Realist,French,c. 1862,
A08-077-0971.jpg,"Hunt, William Holman",,,Hireling Shepherd,Pre-Raphaelite,English,1851,
A08-077-0977.jpg,"Monet, Claude",,,Gare St-Lazare,Impressionist ,French ,1877,
A08-077-0978.jpg,"Monet, Claude",,,Rouen Cathedral: The Portal (in Sun),Impressionist,French ,1894,
A08-077-0983.jpg,"Cassatt, Mary",,,Woman in a Loge ,Impressionist,American,1879,
A08-077-0984.jpg,"Cassatt, Mary",,,Maternal Caress,Impressionist,American,1890-1891,
A08-077-0988.jpg,"Cézanne, Paul",,,Still Life with Basket of Apples ,Post-Impressionist,French,1890-1894,
A08-077-0992.jpg,"Gauguin, Paul",,,Mahana No Atua (Day of the God),"Post-Impressionist, Symbolist",French ,1894,
A08-077-0994.jpg,"Redon, Odilon",,,"Marsh Flower, a Sad and Human Face",Symbolist,French ,1885,
A08-077-0997.jpg,"Ryder, Albert Pinkham",,,Jonah,,American,c. 1885,
A08-077-0998.jpg,"Tanner, Henry Ossawa",,,Resurrection of Lazarus,,American ,1896,
A08-077-1002.jpg,"Velde, Henri Van de",,,Tropon,Art Nouveau,Belgian,1898,
A08-077-1003.jpg,"Gaudí, Antoni",,,Guell Park,Catalan Modern,Spanish,1885-1889,Serpentine bench
A08-077-1004.jpg,"Klimt, Gustav",,,The Kiss,"Symbolist, Art Nouveau",Austrian,1907-1908,
A08-077-1007.jpg,"Emerson, Peter",,,Cantley: Wherries Wating for the Turn of the Tide,,English ,1886,
A08-077-1008.jpg,"Riis, Jacob",,,Tenement Interior in Poverty Gap: An English Coal-Heaver’s Home,,American,c. 1889,
A08-077-1012.jpg,"Gogh, Vincent van",,,"Flowering Plum Tree, after Hiroshige",Post-Impressionist,Dutch,1887 ,
A08-077-1013.jpg,"Cousen, John","Turner, Joseph Mallord William",(from a design by),Hannibal Crossing the Alps,Romantic,English,1859,
A08-077-1021.jpg,,,,Europe and the United States in the 19th Century,,,,
A08-077-1022.jpg,"Picasso, Pablo",,,Guernica,,Spanish,1937,"Shown in the Spanish Pavilion of the Paris Exposition, 1937"
A08-077-1023.jpg,"Derain, André",,,Mountains at Collioure,Fauvist,French ,1905 ,
A08-077-1024.jpg,"Matisse, Henri",,,Woman with the Hat,Fauvist,French,1905,
A08-077-1025.jpg,"Matisse, Henri",,,La Joie de Vivre (The Joy of Life),Fauvist,French,1905-1906,
A08-077-1026.jpg,"Schmidt-Rottluff, Karl",,,Three Nudes - Dune Picture from Nidden,Expressionist,German,1913,
A08-077-1027.jpg,"Nolde, Emil",,,Still Life with Masks III,Expressionist,German,1911,
A08-077-1028.jpg,"Heckel, Erich",,,Crouching Woman,"Expressionist, die Brücke",German,1912,
A08-077-1029.jpg,"Kirchner, Ernst Ludwig",,,"The Street, Berlin",Expressionist,German,1913,
A08-077-1030.jpg,"Kollwitz, Käthe",,,Outbreak,Expressionist,German,1903,
A08-077-1031.jpg,"Modersohn-Becker, Paula",,,Self-Portrait with an Amber Necklace,Expressionist,German,1906,
A08-077-1032.jpg,"Schiele, Egon",,,Self-Portrait Nude,Expressionist,Austrian ,1911,
A08-077-1033.jpg,"Marc, Franz",,,Large Blue Horses,Expressionist,German,1911,
A08-077-1034.jpg,"Kandinsky, Vassily",,,Blue Mountain,Expressionist,Russian,1908-1909,
A08-077-1035.jpg,"Kandinsky, Vassily",,,Improvisation 28 (second version),Expressionist,Russian,1912,
A08-077-1036.jpg,"Klee, Paul",,,The Mosque at Hammamet,,Swiss,1914,
A08-077-1037.jpg,"Picasso, Pablo",,,Self-Portrait,Blue Period,Spanish,1901,
A08-077-1038.jpg,"Picasso, Pablo",,,Family of Saltimbanques,Rose Period,Spanish,1905 ,
A08-077-1039.jpg,"Picasso, Pablo",,,Les Demoiselles d'Avignon,Cubist,Spanish,1907,
A08-077-1040.jpg,"Braque, Georges",,,Houses at L'Estaque,Cubist,French,1908,
A08-077-1041.jpg,"Braque, Georges",,,Violin and Palette,Cubist,French,1909-1910,
A08-077-1042.jpg,"Picasso, Pablo",,,Ma Jolie,Cubist,Spanish,1911-1912,
A08-077-1043.jpg,"Picasso, Pablo",,,Glass and a Bottle of Suze,Cubist,Spanish,1912,
A08-077-1044.jpg,"Picasso, Pablo",,,Mandolin and Clarinet,Cubist,Spanish,1913,
A08-077-1045.jpg,"Delaunay, Robert",,,Homage to Blériot,Cubist,French,1914,
A08-077-1046.jpg,"Delaunay-Terk, Sonia",,,Clothes and Customized Citroën B-12,Art Deco,Russian,1925,
A08-077-1047.jpg,"Léger, Fernand",,,Three Women,Cubist,French,1921,
A08-077-1048.jpg,"Severini, Gino",,,Armored Train in Action ,Futurist ,Italian,1915,
A08-077-1049.jpg,"Boccioni, Umberto",,,Unique Forms of Continuity in Space,Futurist ,Italian,1913,
A08-077-1050.jpg,"Malevich, Kazimir",,,Suprematist Painting (Eight Red Rectangles),Suprematist,Russian,1915,
A08-077-1051.jpg,"Tatlin, Vladimir",,,Corner Counter-Relief,Constructivist,Russian,1915,
A08-077-1052.jpg,"Popova, Lyubov'",,,Architectonic Painting,Suprematist,Russian,1917,
A08-077-1053.jpg,"Brancusi, Constantin",,,Magic Bird,,Romanian,1908-1912,
A08-077-1054.jpg,"Brancusi, Constantin",,,Newborn,,Romanian,1915,
A08-077-1055.jpg,"Ball, Hugo",,,Hugo Ball reciting the sound poem Karawane at the Cabaret Voltaire,Dada,German,1916,
A08-077-1056.jpg,"Duchamp, Marcel",,,Fountain,Dada,French,1917,
A08-077-1057.jpg,"Duchamp, Marcel",,,L.H.O.O.Q,Dada,French,1919,
A08-077-1058.jpg,"Schwitters, Kurt",,,Merz 5B (Picture-Red-Heart-Church),Dada,German,1919,
A08-077-1059.jpg,"Höch, Hannah",,,Dada Dance,Dada,German,1922,
A08-077-1060.jpg,"Sloan, John",,,Election Night,Ashcan School,American,1907,
A08-077-1061.jpg,"Stieglitz, Alfred",,,Flatiron Building,,American,1903,
A08-077-1062.jpg,"Dove, Arthur Garfield",,,"Nature Symbolized, no. 2",,American,c. 1911,
A08-077-1063.jpg,"O'Keeffe, Georgia",,,City Night,,American ,1926,
A08-077-1064.jpg,"Amaral, Tarsila do",,,Abaporú (The One Who Eats),,Brazilian,1928,
A08-077-1065.jpg,"Xul Solar (Schulz Solari, Oscar Augustín Alejandro)",,,Jefa (Patroness),,Argentine,1923,
A08-077-1066.jpg,"Peláez, Amelia",,,Marpacífico (Hibiscus),,Cuban,1923,
A08-077-1067.jpg,"Kahlo, Frida",,,The Two Fridas,Surrealist,Mexican,1939,
A08-077-1068.jpg,"Thomson, Tom",,,Jack Pine,,Canadian,1916-1917,
A08-077-1069.jpg,"Carr, Emily",,,Big Raven,,Canadian,1931,
A08-077-1070.jpg,"Loos, Adolf",,,Steiner House,,Austrian,1910,
A08-077-1071.jpg,"Gropius, Walter","Meyer, Adolf",,Fagus Shoe Factory (Faguswerk),International Style,German,1911-1916,
A08-077-1072.jpg,"Le Corbusier (Jeanneret, Charles-Edouard)",,,Villa Savoye,International Style,French,1928-1931,
A08-077-1073.jpg,"Wright, Frank Lloyd",,,Robie House,Prairie School,American,1906-1909,
A08-077-1074.jpg,"Wright, Frank Lloyd",,,Robie House,Prairie School,American,1906-1909,Dining Room
A08-077-1075.jpg,"Wright, Frank Lloyd",,,Fallingwater,,American,1937,
A08-077-1076.jpg,"Colter, Mary Elizabeth",,,Lookout Studio ,,American,1914,
A08-077-1077.jpg,"Gilbert, Cass",,,Woolworth Building,,American,1911-1913,
A08-077-1078.jpg,"Rodchenko, Alexander",,,Model Workers’ Club,,Russian,1925,
A08-077-1079.jpg,"Lissitzky, El (Lissitzky, Lazar Markovich)",,,Proun Space (reconstruction),Constructivist,Russian,1923,
A08-077-1080.jpg,"Mukhina, Vera",,,Industrial Worker and Collective Farm Woman,,Russian,1937,
A08-077-1081.jpg,"Mondrian, Piet",,,"Composition with Yellow, Red and Blue",De Stijl,Dutch,1927,
A08-077-1082.jpg,"Rietveld, Gerrit",,,Schröder House,De Stijl,Dutch,1923-1924,
A08-077-1083.jpg,"Rietveld, Gerrit",,,Schröder House,De Stijl,Dutch,1923-1924,
A08-077-1084.jpg,"Albers, Anni",,,Wallhanging,Bauhaus,German,1926,
A08-077-1085.jpg,"Brandt, Marianne",,,Coffee and Tea Service,Bauhaus,German,1924,
A08-077-1086.jpg,"Gropius, Walter",,,Dessau Bauhaus,International Style,German,1925-1926,
A08-077-1087.jpg,"Rivera, Diego",,,"Man, Controller of the Universe",Surrealist,Mexican,1934,
A08-077-1088.jpg,"Douglas, Aaron",,,Aspects of Negro Life: from Slavery Through Reconstruction,,American ,1934 ,
A08-077-1089.jpg,"Savage, Augusta",,,La Citadelle: Freedom,,American,1930,
A08-077-1090.jpg,"Lawrence, Jacob",,,"During the War There was a Great Migration North by Southern Negroes, from the Migration Series",,American,1940-1941,
A08-077-1091.jpg,"Hepworth, Barbara",,,Forms in Echelon,,English,1938,
A08-077-1092.jpg,"Moore, Henry",,,Recumbent Figure,,English,1938,
A08-077-1093.jpg,"Calder, Alexander",,,Lobster Trap and Fish Tail,,American,1939,
A08-077-1094.jpg,"Ernst, Max",,,The Horde,Surrealist,German,1927,
A08-077-1095.jpg,"Dalí, Salvador",,,Birth of Liquid Desires,Surrealist,Spanish,1931-1932,
A08-077-1096.jpg,"Oppenheim, Meret",,,Object (Luncheon in Fur),Surrealist,Swiss,1936,
A08-077-1097.jpg,"Miró, Joan",,,Shooting Star,Surrealist,Spanish,1938,
A08-077-1098.jpg,,,,Degenerate Art Exhibition (Entartete Kunst),,German,1937,Dada wall in Room 3
A08-077-1099.jpg,"Lange, Dorothea",,,Migrant Mother,,American,1936 ,
A08-077-1100.jpg,"Hartley, Marsden",,,Portrait of A German Officer,,American,1914 ,
A08-077-1101.jpg,,,,Elements of a Skyscraper,,,,
A08-077-1102.jpg,,,,"Europe and North America, 1900-1950",,,,
A08-077-1103.jpg,"Kounellis, Jannis",,,Untitled (12 Horses),Arte Povera,Greek,1969,
A08-077-1104.jpg,"Giacometti, Alberto",,,City Square,,Swiss,1948,
A08-077-1105.jpg,"Bacon, Francis",,,Head Surrounded by Sides of Beef,Expressionist,English,1954,
A08-077-1106.jpg,"Dubuffet, Jean",,,Cow with the Subtile Nose,Art Brut,French,1954,
A08-077-1107.jpg,"Wols (Schulze, Wolfgang)",,,Painting,Art Informel,German,1944-1945,
A08-077-1108.jpg,"Burri, Alberto",,,Composition,Art Informel,Italian,1953,
A08-077-1109.jpg,"Lam, Wifredo",,,"Zambezia, Zambezia",Surrealist,Cuban,1950,
A08-077-1110.jpg,"Gorky, Arshile",,,Garden in Sochi,"Abstract Expressionist, New York School",American,c. 1943,
A08-077-1111.jpg,"Pollock, Jackson",,,Male and Female,"Abstract Expressionist, New York School",American,1942,
A08-077-1112.jpg,"Namuth, Hans",,,Jackson Pollock Painting,,American,1950,
A08-077-1113.jpg,"Pollock, Jackson",,,Autumn Rhythm (Number 30),"Abstract Expressionist, New York School",American,1950,
A08-077-1114.jpg,"Krasner, Lee",,,The Seasons,Abstract Expressionist,American,1957,
A08-077-1115.jpg,"De Kooning, Willem",,,Asheville,"Abstract Expressionist, New York School",American,1948,
A08-077-1116.jpg,"Riopelle, Jean-Paul",,,Knight Watch,Art Informel,Canadian,1953,
A08-077-1117.jpg,"Frankenthaler, Helen",,,Mountains and Sea,Abstract Expressionist,American ,1952,
A08-077-1118.jpg,"Rothko, Mark",,,"No. 61, Brown, Blue, Brown on Blue","Abstract Expressionist, New York School",American,1953                                          ,
A08-077-1119.jpg,"Newman, Barnett",,,Vir Heroicus Sublimis,"Abstract Expressionist, New York School",American,1950-1951,
A08-077-1120.jpg,"Smith, David",,,Hudson River Landscape,,American,1951,
A08-077-1121.jpg,"Nevelson, Louise",,,Sky Cathedral,,American,1958,
A08-077-1122.jpg,"Torres-García, Joaquín",,,Abstract Art in Five Tones and Complementaries,,Uruguayan,1943,
A08-077-1123.jpg,"Lozza, Raúl",,,Analytical Structure,,Argentine,1946,
A08-077-1124.jpg,"Košice, Gyula",,,Madí Luminous Structure F,,Argentine,1946,
A08-077-1126.jpg,"Arbus, Diane",,,Child With Toy Hand Granade in Central Park,,American,1962,
A08-077-1127.jpg,"White, Minor",,,"Capitol Reef, Utah",,American,1962,
A08-077-1129.jpg,"Johns, Jasper",,,Target with Four Faces,Pop Art,American,1955,
A08-077-1131.jpg,"Kaprow, Allan",,,The Courtyard,Pop Art,American,1962,
A08-077-1132.jpg,"Klein, Yves",,,Anthropométries of the Blue Period,Pop Art,French,1960,
A08-077-1133.jpg,"Tinguely, Jean",,,Homage to New York,Pop Art,American,1960,
A08-077-1136.jpg,"Warhol, Andy",,,Birmingham Race Riot,Pop Art,American,1964,
A08-077-1139.jpg,"Soto, Jesús Rafael",,,Armonía Transformable (Transformable Harmony),Op Art,Venezuelan,1956,
A08-077-1140.jpg,"Riley, Bridget",,,Current,Op Art,English,1964,
A08-077-1141.jpg,"Bush, Jack",,,Tall Spread,Minimalist,Canadian,1966,
A08-077-1142.jpg,"Stella, Frank",,,Avicenna,Minimalist,American ,1960,
A08-077-1143.jpg,"Judd, Donald",,,Untitled,Minimalist,American,1969,
A08-077-1145.jpg,"Clark, Lygia",,,Bug LC3 (Pan-Cubism),Minimalist,Brazilian,1970,
A08-077-1146.jpg,"Zorio, Gilberto",,,Pink-Blue-Pink,Arte Povera,Italian,1967,
A08-077-1147.jpg,"Merz, Mario",,,Igloo,Arte Povera,Italian,1971,
A08-077-1151.jpg,"Heizer, Michael",,,Double Negative,Earthwork,American,1969-1970,
A08-077-1153.jpg,"Christo (Christo, Vlasimirov Javacheff)","Jeanne-Claude (Guillebon, Jeanne-Claude de)",,Running Fence,Earthwork,Bulgarian,1976,
A08-077-1160.jpg,"Safdie, Moshe",,,Habitat,,Canadian,1967,
A08-077-1165.jpg,"Kruger, Barbara",,,We Won’t Play Nature to Your Culture,Conceptual,American,1983,
A08-077-1167.jpg,"Muniz, Vik",,,Action Photo I from Pictures of Chocolate,,American,1997,
A08-077-1168.jpg,"Gursky, Andreas",,,99 Cent,,German,1999,
A08-077-1170.jpg,"Polke, Sigmar",,,Raised Chair with Geese,,German,1987-1988,
A08-077-1173.jpg,"Smith, Jaune Quick-to-See",,,The Red Mean: Self-Portrait,Salish,Native American ,1992,
A08-077-1175.jpg,"Murakami, Takashi",,,Eye Love Superfast,,Japanese,2003,
A08-077-1177.jpg,"Kapoor, Anish",,,"As If to Celebrate, I Discovered a Mountain Blooming with Red Flowers",,English,1987,
A08-077-1179.jpg,"Smith, Kiki",,,Untitled,Feminist,American,1988,
A08-077-1180.jpg,"Anatsui, El",,,After Kings,,Ghanaian,2005,
A08-077-1184.jpg,"Hammons, David",,,Higher Goals,,American,1982,
A08-077-1185.jpg,"Chin, Mel",,,Revival Field: Pig’s Eye Landfill,,American,1991-1993,
A08-077-1186.jpg,"Hamilton, Ann",,,Indigo Blue,,American,1991,
A08-077-1187.jpg,"Smith, Kenneth",,,MOMA Roof Garden,,American,2005,
A08-077-1188.jpg,"Paik, Nam June",,,Electronic Superhighway: Continental U.S.,,South Korean,1995,
A08-077-1189.jpg,"Neshat, Shirin",,,Production Stills from Fervor,,American,2000,
A08-077-1190.jpg,"Neshat, Shirin",,,Production Stills from Fervor,,American,2000,
A08-077-1191.jpg,Gu Wenda,,,United Nations - Babel of the Millennium,,Chinese,1999,
A08-077-1194.jpg,"Chicago, Judy (Cohen, Judy)",,,The Dinner Party,Feminist,American ,1974-1979,Mary Wollestonecraft
A08-077-1195.jpg,,,,The World Since 1945,,,,